[
    {"id":"1","picture":"http:\/\/www.359mai.com\/public\/images\/a3\/95\/86\/b5cc18dab219dfff7e1f7403bee2272939b3d55f.jpg?1546608118#w"},
    {"id":"2","picture":"http:\/\/www.359mai.com\/public\/images\/a6\/4f\/35\/30dc78922de44e82f7d70f140469bac3c3463b7a.jpg"},
    {"id":"3","picture":"http:\/\/www.359mai.com\/public\/images\/12\/68\/08\/be9a4d3eb334527b80d62150d059cf97439710ac.jpg?1546706044#w"},
    {"id":"4","picture":"http:\/\/www.359mai.com\/public\/images\/28\/6a\/c9\/19c59bb45102194d1189d42ba6293c6056c4805d.jpg?1551426451#w"}
]