[{"cunt":[
    {"id":"1","chart":"http:\/\/www.359mai.com\/public\/images\/f4\/30\/49\/f3b8b2579f05e6dc16d62ea72e79897961f9d4fd.jpg?1546607921#h","name":"\u5b89\u6eaa\u94c1\u89c2\u97f3 \u6e05\u9999\u578b 252g\u5305\u88c5","price":"60"},
    {"id":"2","chart":"http:\/\/www.359mai.com\/public\/images\/99\/fb\/f9\/16598c02ceecf2ca32c20063d3ca989c38b67d6c.jpg?1546593166#h","name":"\u4e2d\u534e\u540d\u5c0f\u5403 \u6f6e\u6c55\u624b\u5de5\u9c7c\u76ae\u997a500g","price":"45"},
    {"id":"3","chart":"http:\/\/www.359mai.com\/public\/images\/be\/98\/f6\/4090ebcba4c3891cc58ed26cf0e827874ca72e0e.jpg?1546604391#h","name":"Huawei\/\u534e\u4e3a MateBook D MRC-W60 2018\u7248\u8f7b\u8584\u6e38\u620f\u672ci7\u7b14\u8bb0\u672c\u7535\u8111","price":"5480"},
    {"id":"4","chart":"http:\/\/www.359mai.com\/public\/images\/88\/e4\/ce\/9b50dd58dc5743a594eb30271042a2fc359e9b61.jpg?1546596581#h","name":"\u6f6e\u6c55\u7279\u4ea7\u5e7f\u5f0f\u70e7\u9e2d \u914d\u6885\u7cd5\u9171 \u7ea61.2KG\/\u53ea","price":"118"},
    {"id":"5","chart":"http:\/\/www.359mai.com\/public\/images\/bc\/28\/40\/8d8bb6c1ac0684258a0f03b406bc6a7d86f9c84c.jpg?1546595966#h","name":"\u6f6e\u6c55\u5730\u65b9\u7279\u8272\u7f8e\u98df\u732a\u8089\u997c \u706b\u9505\u716e\u9762\u70e7\u70e4\u98df\u6750 500g\/\u5305","price":"49"},
    {"id":"6","chart":"http:\/\/www.359mai.com\/public\/images\/45\/98\/cf\/0095c51318c482e3f569be6ef97f772530e6bee2.jpg?1546594497#h","name":"\u6b63\u5b97\u6f6e\u6c55\u725b\u8089\u4e38500g \u706b\u9505\u98df\u6750\u5fc5\u5907","price":"118"},
    {"id":"7","chart":"http:\/\/www.359mai.com\/public\/images\/40\/a6\/1d\/402e7906a826f9bea6e0bccd446d21e50ffaba0f.jpg?1546704227#h","name":"\u79d8\u5236\u9e2d\u8116\u5364\u5473\u719f\u98df\u5c0f\u5403\u771f\u7a7a\u5c0f\u5305\u88c5 1\u76d23\u6839","price":"53"},
    {"id":"8","chart":"http:\/\/www.359mai.com\/public\/images\/dd\/7c\/03\/ff457518b846994cb885dc14d913cf8a459c0545.jpg?1546703900#h","name":"\u6f2b\u838e\u8389\u725b\u624e\u9165 150g\/\u76d2","price":"40"},
    {"id":"9","chart":"http:\/\/www.359mai.com\/public\/images\/71\/09\/ea\/1fa0b283aab6a04894f31e0b6a637781bd43cab9.jpg?1546610526#h","name":"\u5b89\u6eaa\u94c1\u89c2\u97f3\u793c\u76d2\u88c5500g","price":"320"},
    {"id":"10","chart":"http:\/\/www.359mai.com\/public\/images\/60\/01\/a2\/0ac202f70508e948628cd6e54e17ee0d68a3aa19.jpg?1551332344#h","name":"\u690d\u62a4 \u5b9d\u5b9d\u7eb8\u5c3f\u88e4S M L XL\u5c3f\u4e0d\u6e7f \u7537\u5973\u975e\u5a74\u513f\u62c9\u62c9\u88e4\u5c3f\u7247\u5c3f\u5e03\u5b9d\u5b9d\u7eb8\u5c3f\u88e4","price":"34"}
    ]},
    {"cunz":[{"id":"a","chart":"http:\/\/www.359mai.com\/public\/images\/c5\/2d\/3a\/0905d960e24698006374da54a980183845dc3b68.jpg?1546604163#h","name":"\u534e\u4e3a(HUAWEI) MateBook X Pro 13.9\u82f1\u5bf8\u8d85\u8f7b\u8584\u5168\u9762\u5c4f\u7b14\u8bb0\u672c","price":"8688"},
        {"id":"b","chart":"http:\/\/www.359mai.com\/public\/images\/8a\/68\/fb\/44136eb08daa272bc1957ffa6dfa4d0b9ea8962c.jpg?1546605535#h","name":"\u5b89\u6eaa\u6d53\u9999\u578b\u94c1\u89c2\u97f3\u793c\u76d2\u88c5","price":"175"},
        {"id":"c","chart":"http:\/\/www.359mai.com\/public\/images\/b1\/c5\/b8\/550cbf442fe1fa61e8bccdc3a85f68349bf8d675.jpg?1546704352#h","name":"\u6b63\u5b97\u798f\u9f0e\u7279\u4ea7\u871c\u6c41\u9e21\u7fc5\u5364\u5473\u719f\u98df\u5c0f\u5403\u771f\u7a7a\u5c0f\u5305\u88c5 11\u4e2a\/\u76d2","price":"78"},
        {"id":"d","chart":"http:\/\/www.359mai.com\/public\/images\/a2\/7f\/da\/0e31932abb3cfeb4f8f8042976e4a564b6ca3daf.jpg?1546604665#h","name":"Xiaomi\/\u5c0f\u7c73 \u7b14\u8bb0\u672cAir 13.3 \u56db\u6838\u589e\u5f3a\u7248 8G+256G","price":"5398"},
        {"id":"e","chart":"http:\/\/www.359mai.com\/public\/images\/f7\/08\/62\/5fbb2459ea249057271f5d3b9876535ee5e0023e.jpg?1546704025#h","name":"\u6f2b\u838e\u8389\u7b80\u88c5\u725b\u8f67\u7cd6 250g\/\u76d2","price":"49"},
        {"id":"f","chart":"http:\/\/www.359mai.com\/public\/images\/45\/98\/cf\/0095c51318c482e3f569be6ef97f772530e6bee2.jpg?1546594497#h","name":"\u6b63\u5b97\u6f6e\u6c55\u725b\u8089\u4e38500g \u706b\u9505\u98df\u6750\u5fc5\u5907","price":"36"},
        {"id":"j","chart":"http:\/\/www.359mai.com\/public\/images\/1b\/fb\/60\/7531c6eb4ddf931c2850073ce10dbbb930ddc662.jpg?1546743862#h","name":"Huawei\/\u534e\u4e3a \u7545\u4eab9 Plus 4G\u8fd0\u5b58 \u56db\u6444\u8d85\u6e05\u5168\u9762\u5c4f\u5927\u7535\u6c60\u5168\u7f51\u901a\u624b\u673a \u53cc\u5361\u53cc\u5f85","price":"1699"},
        {"id":"h","chart":"http:\/\/www.359mai.com\/public\/images\/f5\/39\/0a\/f274b75677c98e9c941f8f66a780e051f5ca4937.jpg?1552915259#h","name":"Huawei\/\u534e\u4e3a \u8363\u8000V20 \u80e1\u6b4c\u540c\u6b3e \u9e92\u9e9f980\u82af\u7247 \u9b45\u773c\u5168\u89c6\u5c4f\u6e38\u620fG\u5168\u9762\u5c4f\u624b\u673a\u53cc\u5361\u53cc\u5f85","price":"3499"},
        {"id":"r","chart":"http:\/\/www.359mai.com\/public\/images\/80\/8f\/c8\/d36fc5c42183559159f4cf855bce942a38824646.jpg?1552978513#h","name":"\u690d\u62a4 \u672c\u8272\u65e0\u82af\u5377\u7eb8\u6574\u7bb1\u5377\u7b52\u7eb8\u5bb6\u5ead\u88c5\u7eb8\u5dfe\u536b\u751f\u7eb8\u5bb6\u7528\u5395\u7eb8\u5b9e\u60e0\u88c5\u624b\u7eb8*36\u5377","price":"29"},
        {"id":"k","chart":"http:\/\/www.359mai.com\/public\/images\/0d\/70\/e6\/c200f7ee176b0803c3cba9fc947f2a4ac7acb489.jpg?1553154477#h","name":"\u6cd3\u8a89\u6e05\u9999\u578b\u767d\u915253\u5ea6\u5c71\u6e05\u6c34\u79c01L*2\u767d\u9152\u793c\u76d2\u88c5","price":"158"}
    ]}]